Workbook

Sheet Source
A1: skip
A3: Hypothèses de quantités par archétypes
A5: Tirado, R.; Aublet, A.; Laurenceau, S.; Thorel, M.; Louërat, M.; Habert, G. Component-Based Model for Building Material Stock and Waste-Flow Characterization: A Case in the Île-de-France Region. Sustainability 2021, 13, 13159. https://doi.org/10.3390/su132313159
A6: Voir fichier « supplementary informations modif"
A8: P6 uniquement (2013 – 2022)
A9: Quantités par m²SDP | B9: unité | C9: Individual_housing | D9: Collective_housing | E9: Office | F9: Industrial | G9: Education
A10: IW: concrete and stone | B10: kg/m² | C10: 601.52407 | D10: 690.29249 | E10: 268.55117 | F10: 324.6078 | G10: 371.59859
A11: IW: bricks | B11: kg/m² | C11: 39.866793 | D11: 9.6896542 | E11: 2.1719789 | F11: 12.039116 | G11: 1.6634953
A12: IW: roof tiles | B12: kg/m² | C12: 25.464796 | D12: 0 | E12: 8.9268015 | F12: 5.8864609 | G12: 5.3887924
A13: IW: ceramics | B13: kg/m² | C13: 22.60265 | D13: 27.7518 | E13: 4.5610143 | F13: 7.2709807 | G13: 6.0808448
A14: NHW: gypsum plasterboards and planks | B14: kg/m² | C14: 28.989108 | D14: 24.281758 | E14: 10.983452 | F14: 11.254282 | G14: 11.922064
A15: NHW: insulation mineral wools | B15: kg/m² | C15: 0.38581376 | D15: 0.091765435 | E15: 0.27850918 | F15: 0.28379666 | G15: 0.33020828
A16: NHW: insulation other | B16: kg/m² | C16: 4.9446048 | D16: 0.62857817 | E16: 0 | F16: 0 | G16: 0
A17: NHW: metals ferrous | B17: kg/m² | C17: 0.99184099 | D17: 0.60374442 | E17: 0.30269179 | F17: 0.21299388 | G17: 0.29204973
A18: nhw metals non ferrous | B18: kg/m² | C18: 0 | D18: 0 | E18: 0.17500139 | F18: 0.67401834 | G18: 0.21630063
A19: NHW: windows | B19: kg/m² | C19: 6.9555552 | D19: 4.6959227 | E19: 2.7904912 | F19: 2.7556979 | G19: 3.3827942
A20: NHW: wood low adjuvanted | B20: kg/m² | C20: 20.870898 | D20: 7.2473262 | E20: 7.6764169 | F20: 5.9734924 | G20: 5.2397236
A21: Other NHW | B21: kg/m² | C21: 0.39363006 | D21: 0.28662867 | E21: 0.27761658 | F21: 0.27915854 | G21: 0.29237697
A22: gaz consumption | B22: kWh/m² | C22: 0 | D22: 0 | E22: =Source!$B$55*Source!$B$31 -> 3500 | F22: =Source!$B$57*Source!$B$31 -> 2800 | G22: =E22 -> 3500
A23: electricity consumption | B23: kWh/m² | C23: =$B$52*$B$31 -> 4700 | D23: =$B$53*$B$31 -> 6800 | E23: =$B$54*$B$31 -> 5350 | F23: =$B$56*$B$31 -> 3300 | G23: =E23 -> 5350
A24: oil consumption | B24: kWh/m² | C24: 0 | D24: 0 | E24: 0 | F24: =B31*B58 -> 950 | G24: 0
A25: coal consumption | B25: kWh/m² | C25: 0 | D25: 0 | E25: 0 | F25: =B59*B31 -> 1200 | G25: 0
A26: water consumption | B26: m3/m² | C26: =$B$48*$B$31/$B$49 -> 88.709677 | D26: =$B$48*$B$31/$B$49 -> 88.709677 | E26: =B50*B31 -> 17 | F26: =B51*B31 -> 0.016627358 | G26: =B50*B31 -> 17
A27: construction | B27: month/m² | C27: =$B$60/30 -> 0.05 | D27: =$B$60/30 -> 0.05 | E27: =$B$60/30 -> 0.05 | F27: =$B$60/30 -> 0.05 | G27: =$B$60/30 -> 0.05
A29: Hypothèses diverses
B30: valeur | C30: unité | D30: Commentaires
A31: Durée de vie de référence | B31: 50 | C31: ans | D31: Age moyen du parc ?
A32: Densité du béton | B32: 2500 | C32: kg/m³ | M32: Calculette simplifiée E+C- Chantier typo autres que maisons individuelles
A33: Densité surfacique fenêtre alu | B33: 50.7 | C33: kg/m² | D33: Valeur fiches ecoinvent | M33: A indiquer
A34: Densité surfacique fenêtre PVC | B34: 94.5 | C34: kg/m² | D34: Valeur fiches ecoinvent | M34: nb mois grue été | N34: 4 | O34: sur un an
A35: Densité surfacique fenêtre bois | B35: 80.2 | C35: kg/m² | D35: Valeur fiches ecoinvent | M35: nb mois grue hiver | N35: 4 | O35: sur un an
A36: Part fenêtre alu | B36: 0.51 | C36: - | D36: https://www.insee.fr/fr/statistiques/3587175 | M36: nb mois sans grue été | N36: 2 | O36: sur un an
A37: Part fenêtre PVC | B37: 0.32 | C37: - | D37: https://www.insee.fr/fr/statistiques/3587175 | M37: nb mois sans grue hiber | N37: 2 | O37: sur un an
A38: Part fenêtre bois | B38: =1-B36-B37 -> 0.17 | C38: - | D38: https://www.insee.fr/fr/statistiques/3587175 | M38: Quantité terres excavées | N38: 200 | O38: sur un an
A39: Densité volumique bois | B39: 600 | C39: kg/m³
A40: Conversion MJ – kWh | B40: 3.6 | C40: MJ/kWh | M40: resultats | N40: absolus | O40: par mois
A41: Densité énergétique gaz | B41: =36/B40 -> 10 | C41: kWh/m³ | D41: Net calorific value fiche ecoinvent market for natural gas, low pressure, FR | M41: Q cons elec | N41: =10400*(N34+N37)+N35*19500+N36*5200 -> 150800 | O41: =N41/12 -> 12566.667
A42: Densité eau | B42: 1000 | C42: kg/m³ | M42: Q terres | N42: =N38 -> 200 | O42: =N42/12 -> 16.666667
A43: Consommation chantier diesel MJ/mois | B43: 0.2 | C43: MJ/mois | M43: Q eau | N43: =(N34+N35)*60+40*(N36+N37) -> 640 | O43: =N43/12 -> 53.333333
A44: Consommation chantier elec kwh/mois | B44: =O41 -> 12566.667 | C44: kWh/mois | D44: cf calculette pour l’instant
A45: Quantité terres excavées m³/mois | B45: =O42 -> 16.666667 | C45: m3/mois | D45: cf calculette pour l’instant
A46: Consommation chantier eau m³/mois | B46: =O43 -> 53.333333 | C46: m3/mois | D46: cf calculette pour l’instant
A47: Distance terre | B47: 50 | C47: km
A48: Consommation domestique moyenne eau france | B48: 55 | C48: m3/habitant/an
A49: habitant/m² | B49: 31 | C49: m2/habitant | D49: 31 en milieu urbain, 47 milieu rural
A50: Consommation eau tertiaire | B50: 0.34 | C50: m3/m2/an | D50: Source = baromètre 2024 OID
A51: Consommation eau industrielle | B51: =705000/(212000*10000) -> 0.00033254717 | C51: m3/an/m² | D51: Source : France stratégie pour consos (705 millions de m³) et surface (212000 hectares)
A52: consommation log indiv élec annuelle | B52: 94 | C52: kWh/m² | D52: Source : CEREN (/home/thibault.chevilliet@enpc.fr/Documents/2501_calculs_pour_AUGC/IN/CEREN – Donnees-energie-1990-2022-secteur-residentiel.xlsx)
A53: consommation log coll élec annuelle | B53: 136 | C53: kWh/m² | D53: Source : CEREN (/home/thibault.chevilliet@enpc.fr/Documents/2501_calculs_pour_AUGC/IN/CEREN – Donnees-energie-1990-2022-secteur-residentiel.xlsx)
A54: Consommation bureaux élec annuelle | B54: 107 | C54: kWh/m² | D54: Source : CEREN (/home/thibault.chevilliet@enpc.fr/Documents/2501_calculs_pour_AUGC/IN/CEREN – Donnees-energie-1990-2022-secteur-tertiaire.xlsx)
A55: Consommation bureaux gaz annuelle | B55: 70 | C55: kWh/m² | D55: Source : CEREN (/home/thibault.chevilliet@enpc.fr/Documents/2501_calculs_pour_AUGC/IN/CEREN – Donnees-energie-1990-2022-secteur-tertiaire.xlsx)
A56: Consommation industrie élec annuelle | B56: 66 | C56: kWh/m² | D56: Source : CEREN (/home/thibault.chevilliet@enpc.fr/Documents/2501_calculs_pour_AUGC/IN/CEREN-Donnees_2016_MAJ_2020_02_05-Industrie.xlsx) et Rapport france stratégie pour les surfaces
A57: Consommation industrie gaz annuelle | B57: 56 | C57: kWh/m² | D57: Source : CEREN (/home/thibault.chevilliet@enpc.fr/Documents/2501_calculs_pour_AUGC/IN/CEREN-Donnees_2016_MAJ_2020_02_05-Industrie.xlsx) et Rapport france stratégie pour les surfaces
A58: Consommation industrie pétrole annuelle | B58: 19 | C58: kWh/m² | D58: Source : CEREN (/home/thibault.chevilliet@enpc.fr/Documents/2501_calculs_pour_AUGC/IN/CEREN-Donnees_2016_MAJ_2020_02_05-Industrie.xlsx) et Rapport france stratégie pour les surfaces
A59: Consommation industrie charbon annuelle | B59: 24 | C59: kWh/m² | D59: Source : CEREN (/home/thibault.chevilliet@enpc.fr/Documents/2501_calculs_pour_AUGC/IN/CEREN-Donnees_2016_MAJ_2020_02_05-Industrie.xlsx) et Rapport france stratégie pour les surfaces
A60: Durée construction 1 m² | B60: =15/10 -> 1.5 | C60: jours/m² | D60: https://www.statistiques.developpement-durable.gouv.fr/media/899/download?inline | F60: 12 à 21 jours de délais supplémentaire pour 10 m²
A61: Densité énergétique pétrole | B61: 41.2 | C61: MJ/kg | D61: calorific value fiche market for heavy fuel oil, Eur without CH
A62: Densité énergétique charbon | B62: 31.4 | C62: MJ/kg | D62: calorific value fiche market for hard coal briquettes , RER
A63: Largeur des routes | B63: 10 | C63: m
A64: Consommation annuelle eau espaces verts | B64: 248 | C64: L/m² | D64: CEREMA Economie et partage des ressources en eau. Série de fiches : Fiche n° 2 - Optimiser l’arrosage des espaces verts
A65: Densité arbres dans les espaces verts | B65: =0.2/31 -> 0.0064516129 | C65: arbres /m² | D65: https://www.lemonde.fr/blog/alternatives/2014/02/19/le-top-10-des-villes-les-plus-vertes-de-france/
A66: Période de plantations | B66: 2 | C66: ans
A67: taux d’évaporation | B67: 0.7 | C67: - | D67: https://www.drias-climat.fr/accompagnement/sections/310
H71: =4*365 -> 1460 | K71: =200*464.919/131.791 -> 705.53983
H72: =H71/1000 -> 1.46
G73: =55/31 -> 1.7741935
A77: Pourcentage ecart type relatif | B77: 10

Sheet Projects
A1: cutoff | B1: 20
A2: Database | B2: archetypes_metabo
A3: format | B3: Excel spreadsheet
A5: Activity | B5: programme_1991
A6: categories | B6: custom process
A7: code | B7: programme_1991
A8: comment | B8: un commentaire
A9: location | B9: FR
A10: production amount | B10: 1
A11: type | B11: process
A12: unit | B12: unit
A13: Exchanges
A14: name | B14: amount | C14: unit | D14: database | E14: categories | F14: location | G14: type | H14: uncertainty type | I14: loc | J14: scale | K14: shape | L14: minimum | M14: maximum
A15: programme_1991 | B15: 1 | C15: unit | D15: =$B$2 -> archetypes_metabo | E15: custom process | F15: FR | G15: production
A16: collective housing | B16: 520000 | C16: square meter | D16: =$B$2 -> archetypes_metabo | E16: custom process | F16: FR | G16: technosphere
A17: office building | B17: 1065000 | C17: square meter | D17: =$B$2 -> archetypes_metabo | E17: custom process | F17: FR | G17: technosphere
A18: education building | B18: 582000 | C18: square meter | D18: =$B$2 -> archetypes_metabo | E18: custom process | F18: FR | G18: technosphere
A19: roads | B19: 100000 | C19: square meter | D19: =$B$2 -> archetypes_metabo | E19: custom process | F19: FR | G19: technosphere
A20: vegetation | B20: 530000 | C20: square meter | D20: =$B$2 -> archetypes_metabo | E20: custom process | F20: FR | G20: technosphere
A22: Activity | B22: programme_1997
A23: categories | B23: custom process
A24: code | B24: programme_1997
A25: comment | B25: un commentaire
A26: location | B26: FR
A27: production amount | B27: 1
A28: type | B28: process
A29: unit | B29: unit
A30: Exchanges
A31: name | B31: amount | C31: unit | D31: database | E31: categories | F31: location | G31: type | H31: uncertainty type | I31: loc | J31: scale | K31: shape | L31: minimum | M31: maximum
A32: programme_1997 | B32: 1 | C32: unit | D32: =$B$2 -> archetypes_metabo | E32: custom process | F32: FR | G32: production
A33: collective housing | B33: 520000 | C33: square meter | D33: =$B$2 -> archetypes_metabo | E33: custom process | F33: FR | G33: technosphere
A34: office building | B34: 1050000 | C34: square meter | D34: =$B$2 -> archetypes_metabo | E34: custom process | F34: FR | G34: technosphere
A35: education building | B35: =(252+250+130+52)*1000 -> 684000 | C35: square meter | D35: =$B$2 -> archetypes_metabo | E35: custom process | F35: FR | G35: technosphere
A36: roads | B36: 100000 | C36: square meter | D36: =$B$2 -> archetypes_metabo | E36: custom process | F36: FR | G36: technosphere
A37: vegetation | B37: 80600 | C37: square meter | D37: =$B$2 -> archetypes_metabo | E37: custom process | F37: FR | G37: technosphere
A39: Activity | B39: programme_2002
A40: categories | B40: custom process
A41: code | B41: programme_2002
A42: comment | B42: un commentaire
A43: location | B43: FR
A44: production amount | B44: 1
A45: type | B45: process
A46: unit | B46: unit
A47: Exchanges
A48: name | B48: amount | C48: unit | D48: database | E48: categories | F48: location | G48: type | H48: uncertainty type | I48: loc | J48: scale | K48: shape | L48: minimum | M48: maximum
A49: programme_2002 | B49: 1 | C49: unit | D49: =$B$2 -> archetypes_metabo | E49: custom process | F49: FR | G49: production
A50: collective housing | B50: 430000 | C50: square meter | D50: =$B$2 -> archetypes_metabo | E50: custom process | F50: FR | G50: technosphere
A51: office building | B51: 850000 | C51: square meter | D51: =$B$2 -> archetypes_metabo | E51: custom process | F51: FR | G51: technosphere
A52: education building | B52: =(405+250+210+55)*1000 -> 920000 | C52: square meter | D52: =$B$2 -> archetypes_metabo | E52: custom process | F52: FR | G52: technosphere
A53: roads | B53: 100000 | C53: square meter | D53: =$B$2 -> archetypes_metabo | E53: custom process | F53: FR | G53: technosphere
A54: vegetation | B54: 98000 | C54: square meter | D54: =$B$2 -> archetypes_metabo | E54: custom process | F54: FR | G54: technosphere
A56: Activity | B56: programme_2009
A57: categories | B57: custom process
A58: code | B58: programme_2009
A59: comment | B59: un commentaire
A60: location | B60: FR
A61: production amount | B61: 1
A62: type | B62: process
A63: unit | B63: unit
A64: Exchanges
A65: name | B65: amount | C65: unit | D65: database | E65: categories | F65: location | G65: type | H65: v | I65: loc | J65: scale | K65: shape | L65: minimum | M65: maximum
A66: programme_2009 | B66: 1 | C66: unit | D66: =$B$2 -> archetypes_metabo | E66: custom process | F66: FR | G66: production
A67: collective housing | B67: 585000 | C67: square meter | D67: =$B$2 -> archetypes_metabo | E67: custom process | F67: FR | G67: technosphere
A68: office building | B68: 895000 | C68: square meter | D68: =$B$2 -> archetypes_metabo | E68: custom process | F68: FR | G68: technosphere
A69: education building | B69: =(405+250+210+55)*1000 -> 920000 | C69: square meter | D69: =$B$2 -> archetypes_metabo | E69: custom process | F69: FR | G69: technosphere
A70: roads | B70: 100000 | C70: square meter | D70: =$B$2 -> archetypes_metabo | E70: custom process | F70: FR | G70: technosphere
A71: vegetation | B71: 100000 | C71: square meter | D71: =$B$2 -> archetypes_metabo | E71: custom process | F71: FR | G71: technosphere

Sheet Archetypes
A1: skip
A2: Activity | B2: individual housing | C2: All columns past the first two for database and activity definitions are ignored in any case.
A3: categories | B3: custom_process
A4: code | B4: arch_individual_housing | C4: You can also use human-friendly identifiers like "acetic acid", just make sure they are unique
A5: comment | B5: archétype basé sur Tirado 2021 pour matières et BDNB pour consos
A6: location | B6: FR
A7: production amount | B7: 1
A8: type | B8: process
A9: unit | B9: square meter
A10: Exchanges
A11: name | B11: amount | C11: unit | D11: database | E11: categories | F11: location | G11: type | H11: uncertainty type | I11: loc | J11: scale | K11: shape | L11: minimum | M11: maximum
A12: individual housing | B12: 1 | C12: square meter | D12: =Projects!$B$2 -> archetypes_metabo | E12: custom_process | F12: FR | G12: production
A13: concrete and stone | B13: =Source!C10 -> 601.52407 | C13: kilogram | D13: =Projects!$B$2 -> archetypes_metabo | E13: custom_process | F13: FR | G13: technosphere | H13: =IF(B13=0,0,3) -> 3 | I13: =IF(B13>0,B13,"") -> 601.52407 | J13: =IF(I13="","",I13*Source!$B$77) -> 6015.2407 | L13: =IF(I13="","",0) -> 0
A14: bricks | B14: =Source!C11 -> 39.866793 | C14: kilogram | D14: =Projects!$B$2 -> archetypes_metabo | E14: custom_process | F14: FR | G14: technosphere | H14: =IF(B14=0,0,3) -> 3 | I14: =IF(B14>0,B14,"") -> 39.866793 | J14: =IF(I14="","",I14*Source!$B$77) -> 398.66793 | L14: =IF(I14="","",0) -> 0
A15: roof tiles | B15: =Source!C12 -> 25.464796 | C15: kilogram | D15: =Projects!$B$2 -> archetypes_metabo | E15: custom_process | F15: FR | G15: technosphere | H15: =IF(B15=0,0,3) -> 3 | I15: =IF(B15>0,B15,"") -> 25.464796 | J15: =IF(I15="","",I15*Source!$B$77) -> 254.64796 | L15: =IF(I15="","",0) -> 0
A16: ceramics | B16: =Source!C13 -> 22.60265 | C16: kilogram | D16: =Projects!$B$2 -> archetypes_metabo | E16: custom_process | F16: FR | G16: technosphere | H16: =IF(B16=0,0,3) -> 3 | I16: =IF(B16>0,B16,"") -> 22.60265 | J16: =IF(I16="","",I16*Source!$B$77) -> 226.0265 | L16: =IF(I16="","",0) -> 0
A17: gypsum | B17: =Source!C14 -> 28.989108 | C17: kilogram | D17: =Projects!$B$2 -> archetypes_metabo | E17: custom_process | F17: FR | G17: technosphere | H17: =IF(B17=0,0,3) -> 3 | I17: =IF(B17>0,B17,"") -> 28.989108 | J17: =IF(I17="","",I17*Source!$B$77) -> 289.89108 | L17: =IF(I17="","",0) -> 0
A18: mineral insulation | B18: =Source!C15 -> 0.38581376 | C18: kilogram | D18: =Projects!$B$2 -> archetypes_metabo | E18: custom_process | F18: FR | G18: technosphere | H18: =IF(B18=0,0,3) -> 3 | I18: =IF(B18>0,B18,"") -> 0.38581376 | J18: =IF(I18="","",I18*Source!$B$77) -> 3.8581376 | L18: =IF(I18="","",0) -> 0
A19: other insulation | B19: =Source!C16 -> 4.9446048 | C19: kilogram | D19: =Projects!$B$2 -> archetypes_metabo | E19: custom_process | F19: FR | G19: technosphere | H19: =IF(B19=0,0,3) -> 3 | I19: =IF(B19>0,B19,"") -> 4.9446048 | J19: =IF(I19="","",I19*Source!$B$77) -> 49.446048 | L19: =IF(I19="","",0) -> 0
A20: metals ferrous | B20: =Source!C17 -> 0.99184099 | C20: kilogram | D20: =Projects!$B$2 -> archetypes_metabo | E20: custom_process | F20: FR | G20: technosphere | H20: =IF(B20=0,0,3) -> 3 | I20: =IF(B20>0,B20,"") -> 0.99184099 | J20: =IF(I20="","",I20*Source!$B$77) -> 9.9184099 | L20: =IF(I20="","",0) -> 0
A21: metals non-ferrous | B21: =Source!C18 -> 0 | C21: kilogram | D21: =Projects!$B$2 -> archetypes_metabo | E21: custom_process | F21: FR | G21: technosphere | H21: =IF(B21=0,0,3) -> 0 | I21: =IF(B21>0,B21,"") | J21: =IF(I21="","",I21*Source!$B$77) | L21: =IF(I21="","",0)
A22: windows | B22: =Source!C19 -> 6.9555552 | C22: kilogram | D22: =Projects!$B$2 -> archetypes_metabo | E22: custom_process | F22: FR | G22: technosphere | H22: =IF(B22=0,0,3) -> 3 | I22: =IF(B22>0,B22,"") -> 6.9555552 | J22: =IF(I22="","",I22*Source!$B$77) -> 69.555552 | L22: =IF(I22="","",0) -> 0
A23: wood low adjuvanted | B23: =Source!C20 -> 20.870898 | C23: kilogram | D23: =Projects!$B$2 -> archetypes_metabo | E23: custom_process | F23: FR | G23: technosphere | H23: =IF(B23=0,0,3) -> 3 | I23: =IF(B23>0,B23,"") -> 20.870898 | J23: =IF(I23="","",I23*Source!$B$77) -> 208.70898 | L23: =IF(I23="","",0) -> 0
A24: other NHW | B24: =Source!C21 -> 0.39363006 | C24: kilogram | D24: =Projects!$B$2 -> archetypes_metabo | E24: custom_process | F24: FR | G24: technosphere | H24: =IF(B24=0,0,3) -> 3 | I24: =IF(B24>0,B24,"") -> 0.39363006 | J24: =IF(I24="","",I24*Source!$B$77) -> 3.9363006 | L24: =IF(I24="","",0) -> 0
... A26: electricity consumption | B26: =Source!C23 -> 4700 | C26: kwh | D26: =Projects!$B$2 -> archetypes_metabo | E26: custom_process | F26: FR | G26: technosphere | H26: =IF(B26=0,0,3) -> 3 | I26: =IF(B26>0,B26,"") -> 4700 | J26: =IF(I26="","",I26*Source!$B$77) -> 47000 | L26: =IF(I26="","",0) -> 0
A27: water consumption | B27: =Source!C26 -> 88.709677 | C27: cubic meter | D27: =Projects!$B$2 -> archetypes_metabo | E27: custom_process | F27: FR | G27: technosphere | H27: =IF(B27=0,0,3) -> 3 | I27: =IF(B27>0,B27,"") -> 88.709677 | J27: =IF(I27="","",I27*Source!$B$77) -> 887.09677 | L27: =IF(I27="","",0) -> 0
A28: construction | B28: =Source!C25 -> 0 | C28: month | D28: =Projects!$B$2 -> archetypes_metabo | E28: custom_process | F28: FR | G28: technosphere | H28: =IF(B28=0,0,3) -> 0 | I28: =IF(B28>0,B28,"") | J28: =IF(I28="","",I28*Source!$B$77) | L28: =IF(I28="","",0)
A30: Activity | B30: collective housing
A31: categories | B31: custom_process
A32: code | B32: arch_collective_housing
A33: comment | B33: archétype basé sur Tirado 2021 pour matières et BDNB pour consos
A34: location | B34: FR
A35: production amount | B35: 1
A36: type | B36: process
A37: unit | B37: square meter
A38: Exchanges
A39: name | B39: amount | C39: unit | D39: database | E39: categories | F39: location | G39: type | H39: uncertainty type | I39: loc | J39: scale | K39: shape | L39: minimum | M39: maximum
A40: collective housing | B40: 1 | C40: square meter | D40: =Projects!$B$2 -> archetypes_metabo | E40: custom_process | F40: FR | G40: production
A41: concrete and stone | B41: =Source!D10 -> 690.29249 | C41: kilogram | D41: =Projects!$B$2 -> archetypes_metabo | E41: custom_process | F41: FR | G41: technosphere | H41: =IF(B41=0,0,3) -> 3 | I41: =IF(B41>0,B41,"") -> 690.29249 | J41: =IF(I41="","",I41*Source!$B$77) -> 6902.9249 | L41: =IF(I41="","",0) -> 0
A42: bricks | B42: =Source!D11 -> 9.6896542 | C42: kilogram | D42: =Projects!$B$2 -> archetypes_metabo | E42: custom_process | F42: FR | G42: technosphere | H42: =IF(B42=0,0,3) -> 3 | I42: =IF(B42>0,B42,"") -> 9.6896542 | J42: =IF(I42="","",I42*Source!$B$77) -> 96.896542 | L42: =IF(I42="","",0) -> 0
A43: roof tiles | B43: =Source!D12 -> 0 | C43: kilogram | D43: =Projects!$B$2 -> archetypes_metabo | E43: custom_process | F43: FR | G43: technosphere | H43: =IF(B43=0,0,3) -> 0 | I43: =IF(B43>0,B43,"") | J43: =IF(I43="","",I43*Source!$B$77) | L43: =IF(I43="","",0)
A44: ceramics | B44: =Source!D13 -> 27.7518 | C44: kilogram | D44: =Projects!$B$2 -> archetypes_metabo | E44: custom_process | F44: FR | G44: technosphere | H44: =IF(B44=0,0,3) -> 3 | I44: =IF(B44>0,B44,"") -> 27.7518 | J44: =IF(I44="","",I44*Source!$B$77) -> 277.518 | L44: =IF(I44="","",0) -> 0
A45: gypsum | B45: =Source!D14 -> 24.281758 | C45: kilogram | D45: =Projects!$B$2 -> archetypes_metabo | E45: custom_process | F45: FR | G45: technosphere | H45: =IF(B45=0,0,3) -> 3 | I45: =IF(B45>0,B45,"") -> 24.281758 | J45: =IF(I45="","",I45*Source!$B$77) -> 242.81758 | L45: =IF(I45="","",0) -> 0
A46: mineral insulation | B46: =Source!D15 -> 0.091765435 | C46: kilogram | D46: =Projects!$B$2 -> archetypes_metabo | E46: custom_process | F46: FR | G46: technosphere | H46: =IF(B46=0,0,3) -> 3 | I46: =IF(B46>0,B46,"") -> 0.091765435 | J46: =IF(I46="","",I46*Source!$B$77) -> 0.91765435 | L46: =IF(I46="","",0) -> 0
A47: other insulation | B47: =Source!D16 -> 0.62857817 | C47: kilogram | D47: =Projects!$B$2 -> archetypes_metabo | E47: custom_process | F47: FR | G47: technosphere | H47: =IF(B47=0,0,3) -> 3 | I47: =IF(B47>0,B47,"") -> 0.62857817 | J47: =IF(I47="","",I47*Source!$B$77) -> 6.2857817 | L47: =IF(I47="","",0) -> 0
A48: metals ferrous | B48: =Source!D17 -> 0.60374442 | C48: kilogram | D48: =Projects!$B$2 -> archetypes_metabo | E48: custom_process | F48: FR | G48: technosphere | H48: =IF(B48=0,0,3) -> 3 | I48: =IF(B48>0,B48,"") -> 0.60374442 | J48: =IF(I48="","",I48*Source!$B$77) -> 6.0374442 | L48: =IF(I48="","",0) -> 0
A49: metals non-ferrous | B49: =Source!D18 -> 0 | C49: kilogram | D49: =Projects!$B$2 -> archetypes_metabo | E49: custom_process | F49: FR | G49: technosphere | H49: =IF(B49=0,0,3) -> 0 | I49: =IF(B49>0,B49,"") | J49: =IF(I49="","",I49*Source!$B$77) | L49: =IF(I49="","",0)
A50: windows | B50: =Source!D19 -> 4.6959227 | C50: kilogram | D50: =Projects!$B$2 -> archetypes_metabo | E50: custom_process | F50: FR | G50: technosphere | H50: =IF(B50=0,0,3) -> 3 | I50: =IF(B50>0,B50,"") -> 4.6959227 | J50: =IF(I50="","",I50*Source!$B$77) -> 46.959227 | L50: =IF(I50="","",0) -> 0
A51: wood low adjuvanted | B51: =Source!D20 -> 7.2473262 | C51: kilogram | D51: =Projects!$B$2 -> archetypes_metabo | E51: custom_process | F51: FR | G51: technosphere | H51: =IF(B51=0,0,3) -> 3 | I51: =IF(B51>0,B51,"") -> 7.2473262 | J51: =IF(I51="","",I51*Source!$B$77) -> 72.473262 | L51: =IF(I51="","",0) -> 0
A52: other NHW | B52: =Source!D21 -> 0.28662867 | C52: kilogram | D52: =Projects!$B$2 -> archetypes_metabo | E52: custom_process | F52: FR | G52: technosphere | H52: =IF(B52=0,0,3) -> 3 | I52: =IF(B52>0,B52,"") -> 0.28662867 | J52: =IF(I52="","",I52*Source!$B$77) -> 2.8662867 | L52: =IF(I52="","",0) -> 0
... A56: construction | B56: =Source!D25 -> 0 | C56: month | D56: =Projects!$B$2 -> archetypes_metabo | E56: custom_process | F56: FR | G56: technosphere | H56: =IF(B56=0,0,3) -> 0 | I56: =IF(B56>0,B56,"") | J56: =IF(I56="","",I56*Source!$B$77) | L56: =IF(I56="","",0)
A58: Activity | B58: office building
A59: categories | B59: custom_process
A60: code | B60: arch_office
A61: comment | B61: archétype basé sur Tirado 2021 pour matières et BDNB pour consos
A62: location | B62: FR
A63: production amount | B63: 1
A64: type | B64: process
A65: unit | B65: square meter
A66: Exchanges
A67: name | B67: amount | C67: unit | D67: database | E67: categories | F67: location | G67: type | H67: uncertainty type | I67: loc | J67: scale | K67: shape | L67: minimum | M67: maximum
A68: office building | B68: 1 | C68: square meter | D68: =Projects!$B$2 -> archetypes_metabo | E68: custom_process | F68: FR | G68: production
A69: concrete and stone | B69: =Source!E10 -> 268.55117 | C69: kilogram | D69: =Projects!$B$2 -> archetypes_metabo | E69: custom_process | F69: FR | G69: technosphere | H69: =IF(B69=0,0,3) -> 3 | I69: =IF(B69>0,B69,"") -> 268.55117 | J69: =IF(I69="","",I69*Source!$B$77) -> 2685.5117 | L69: =IF(I69="","",0) -> 0
A70: bricks | B70: =Source!E11 -> 2.1719789 | C70: kilogram | D70: =Projects!$B$2 -> archetypes_metabo | E70: custom_process | F70: FR | G70: technosphere | H70: =IF(B70=0,0,3) -> 3 | I70: =IF(B70>0,B70,"") -> 2.1719789 | J70: =IF(I70="","",I70*Source!$B$77) -> 21.719789 | L70: =IF(I70="","",0) -> 0
A71: roof tiles | B71: =Source!E12 -> 8.9268015 | C71: kilogram | D71: =Projects!$B$2 -> archetypes_metabo | E71: custom_process | F71: FR | G71: technosphere | H71: =IF(B71=0,0,3) -> 3 | I71: =IF(B71>0,B71,"") -> 8.9268015 | J71: =IF(I71="","",I71*Source!$B$77) -> 89.268015 | L71: =IF(I71="","",0) -> 0
A72: ceramics | B72: =Source!E13 -> 4.5610143 | C72: kilogram | D72: =Projects!$B$2 -> archetypes_metabo | E72: custom_process | F72: FR | G72: technosphere | H72: =IF(B72=0,0,3) -> 3 | I72: =IF(B72>0,B72,"") -> 4.5610143 | J72: =IF(I72="","",I72*Source!$B$77) -> 45.610143 | L72: =IF(I72="","",0) -> 0
A73: gypsum | B73: =Source!E14 -> 10.983452 | C73: kilogram | D73: =Projects!$B$2 -> archetypes_metabo | E73: custom_process | F73: FR | G73: technosphere | H73: =IF(B73=0,0,3) -> 3 | I73: =IF(B73>0,B73,"") -> 10.983452 | J73: =IF(I73="","",I73*Source!$B$77) -> 109.83452 | L73: =IF(I73="","",0) -> 0
A74: mineral insulation | B74: =Source!E15 -> 0.27850918 | C74: kilogram | D74: =Projects!$B$2 -> archetypes_metabo | E74: custom_process | F74: FR | G74: technosphere | H74: =IF(B74=0,0,3) -> 3 | I74: =IF(B74>0,B74,"") -> 0.27850918 | J74: =IF(I74="","",I74*Source!$B$77) -> 2.7850918 | L74: =IF(I74="","",0) -> 0
A75: other insulation | B75: =Source!E16 -> 0 | C75: kilogram | D75: =Projects!$B$2 -> archetypes_metabo | E75: custom_process | F75: FR | G75: technosphere | H75: =IF(B75=0,0,3) -> 0 | I75: =IF(B75>0,B75,"") | J75: =IF(I75="","",I75*Source!$B$77) | L75: =IF(I75="","",0)
A76: metals ferrous | B76: =Source!E17 -> 0.30269179 | C76: kilogram | D76: =Projects!$B$2 -> archetypes_metabo | E76: custom_process | F76: FR | G76: technosphere | H76: =IF(B76=0,0,3) -> 3 | I76: =IF(B76>0,B76,"") -> 0.30269179 | J76: =IF(I76="","",I76*Source!$B$77) -> 3.0269179 | L76: =IF(I76="","",0) -> 0
A77: metals non-ferrous | B77: =Source!E18 -> 0.17500139 | C77: kilogram | D77: =Projects!$B$2 -> archetypes_metabo | E77: custom_process | F77: FR | G77: technosphere | H77: =IF(B77=0,0,3) -> 3 | I77: =IF(B77>0,B77,"") -> 0.17500139 | J77: =IF(I77="","",I77*Source!$B$77) -> 1.7500139 | L77: =IF(I77="","",0) -> 0
A78: windows | B78: =Source!E19 -> 2.7904912 | C78: kilogram | D78: =Projects!$B$2 -> archetypes_metabo | E78: custom_process | F78: FR | G78: technosphere | H78: =IF(B78=0,0,3) -> 3 | I78: =IF(B78>0,B78,"") -> 2.7904912 | J78: =IF(I78="","",I78*Source!$B$77) -> 27.904912 | L78: =IF(I78="","",0) -> 0
A79: wood low adjuvanted | B79: =Source!E20 -> 7.6764169 | C79: kilogram | D79: =Projects!$B$2 -> archetypes_metabo | E79: custom_process | F79: FR | G79: technosphere | H79: =IF(B79=0,0,3) -> 3 | I79: =IF(B79>0,B79,"") -> 7.6764169 | J79: =IF(I79="","",I79*Source!$B$77) -> 76.764169 | L79: =IF(I79="","",0) -> 0
A80: other NHW | B80: =Source!E21 -> 0.27761658 | C80: kilogram | D80: =Projects!$B$2 -> archetypes_metabo | E80: custom_process | F80: FR | G80: technosphere | H80: =IF(B80=0,0,3) -> 3 | I80: =IF(B80>0,B80,"") -> 0.27761658 | J80: =IF(I80="","",I80*Source!$B$77) -> 2.7761658 | L80: =IF(I80="","",0) -> 0
... A84: construction | B84: =Source!E25 -> 0 | C84: month | D84: =Projects!$B$2 -> archetypes_metabo | E84: custom_process | F84: FR | G84: technosphere | H84: =IF(B84=0,0,3) -> 0 | I84: =IF(B84>0,B84,"") | J84: =IF(I84="","",I84*Source!$B$77) | L84: =IF(I84="","",0)
A86: Activity | B86: industrial building
A87: categories | B87: custom_process
A88: code | B88: arch_industrial
A89: comment | B89: archétype basé sur Tirado 2021 pour matières et BDNB pour consos
A90: location | B90: FR
A91: production amount | B91: 1
A92: type | B92: process
A93: unit | B93: square meter
A94: Exchanges
A95: name | B95: amount | C95: unit | D95: database | E95: categories | F95: location | G95: type | H95: uncertainty type | I95: loc | J95: scale | K95: shape | L95: minimum | M95: maximum
A96: industrial building | B96: 1 | C96: square meter | D96: =Projects!$B$2 -> archetypes_metabo | E96: custom_process | F96: FR | G96: production
A97: concrete and stone | B97: =Source!F10 -> 324.6078 | C97: kilogram | D97: =Projects!$B$2 -> archetypes_metabo | E97: custom_process | F97: FR | G97: technosphere | H97: =IF(B97=0,0,3) -> 3 | I97: =IF(B97>0,B97,"") -> 324.6078 | J97: =IF(I97="","",I97*Source!$B$77) -> 3246.078 | L97: =IF(I97="","",0) -> 0
A98: bricks | B98: =Source!F11 -> 12.039116 | C98: kilogram | D98: =Projects!$B$2 -> archetypes_metabo | E98: custom_process | F98: FR | G98: technosphere | H98: =IF(B98=0,0,3) -> 3 | I98: =IF(B98>0,B98,"") -> 12.039116 | J98: =IF(I98="","",I98*Source!$B$77) -> 120.39116 | L98: =IF(I98="","",0) -> 0
A99: roof tiles | B99: =Source!F12 -> 5.8864609 | C99: kilogram | D99: =Projects!$B$2 -> archetypes_metabo | E99: custom_process | F99: FR | G99: technosphere | H99: =IF(B99=0,0,3) -> 3 | I99: =IF(B99>0,B99,"") -> 5.8864609 | J99: =IF(I99="","",I99*Source!$B$77) -> 58.864609 | L99: =IF(I99="","",0) -> 0
A100: ceramics | B100: =Source!F13 -> 7.2709807 | C100: kilogram | D100: =Projects!$B$2 -> archetypes_metabo | E100: custom_process | F100: FR | G100: technosphere | H100: =IF(B100=0,0,3) -> 3 | I100: =IF(B100>0,B100,"") -> 7.2709807 | J100: =IF(I100="","",I100*Source!$B$77) -> 72.709807 | L100: =IF(I100="","",0) -> 0
A101: gypsum | B101: =Source!F14 -> 11.254282 | C101: kilogram | D101: =Projects!$B$2 -> archetypes_metabo | E101: custom_process | F101: FR | G101: technosphere | H101: =IF(B101=0,0,3) -> 3 | I101: =IF(B101>0,B101,"") -> 11.254282 | J101: =IF(I101="","",I101*Source!$B$77) -> 112.54282 | L101: =IF(I101="","",0) -> 0
A102: mineral insulation | B102: =Source!F15 -> 0.28379666 | C102: kilogram | D102: =Projects!$B$2 -> archetypes_metabo | E102: custom_process | F102: FR | G102: technosphere | H102: =IF(B102=0,0,3) -> 3 | I102: =IF(B102>0,B102,"") -> 0.28379666 | J102: =IF(I102="","",I102*Source!$B$77) -> 2.8379666 | L102: =IF(I102="","",0) -> 0
A103: other insulation | B103: =Source!F16 -> 0 | C103: kilogram | D103: =Projects!$B$2 -> archetypes_metabo | E103: custom_process | F103: FR | G103: technosphere | H103: =IF(B103=0,0,3) -> 0 | I103: =IF(B103>0,B103,"") | J103: =IF(I103="","",I103*Source!$B$77) | L103: =IF(I103="","",0)
A104: metals ferrous | B104: =Source!F17 -> 0.21299388 | C104: kilogram | D104: =Projects!$B$2 -> archetypes_metabo | E104: custom_process | F104: FR | G104: technosphere | H104: =IF(B104=0,0,3) -> 3 | I104: =IF(B104>0,B104,"") -> 0.21299388 | J104: =IF(I104="","",I104*Source!$B$77) -> 2.1299388 | L104: =IF(I104="","",0) -> 0
A105: metals non-ferrous | B105: =Source!F18 -> 0.67401834 | C105: kilogram | D105: =Projects!$B$2 -> archetypes_metabo | E105: custom_process | F105: FR | G105: technosphere | H105: =IF(B105=0,0,3) -> 3 | I105: =IF(B105>0,B105,"") -> 0.67401834 | J105: =IF(I105="","",I105*Source!$B$77) -> 6.7401834 | L105: =IF(I105="","",0) -> 0
A106: windows | B106: =Source!F19 -> 2.7556979 | C106: kilogram | D106: =Projects!$B$2 -> archetypes_metabo | E106: custom_process | F106: FR | G106: technosphere | H106: =IF(B106=0,0,3) -> 3 | I106: =IF(B106>0,B106,"") -> 2.7556979 | J106: =IF(I106="","",I106*Source!$B$77) -> 27.556979 | L106: =IF(I106="","",0) -> 0
A107: wood low adjuvanted | B107: =Source!F20 -> 5.9734924 | C107: kilogram | D107: =Projects!$B$2 -> archetypes_metabo | E107: custom_process | F107: FR | G107: technosphere | H107: =IF(B107=0,0,3) -> 3 | I107: =IF(B107>0,B107,"") -> 5.9734924 | J107: =IF(I107="","",I107*Source!$B$77) -> 59.734924 | L107: =IF(I107="","",0) -> 0
A108: other NHW | B108: =Source!F21 -> 0.27915854 | C108: kilogram | D108: =Projects!$B$2 -> archetypes_metabo | E108: custom_process | F108: FR | G108: technosphere | H108: =IF(B108=0,0,3) -> 3 | I108: =IF(B108>0,B108,"") -> 0.27915854 | J108: =IF(I108="","",I108*Source!$B$77) -> 2.7915854 | L108: =IF(I108="","",0) -> 0
... A114: construction | B114: =Source!F27 -> 0.05 | C114: month | D114: =Projects!$B$2 -> archetypes_metabo | E114: custom_process | F114: FR | G114: technosphere | H114: =IF(B114=0,0,3) -> 3 | I114: =IF(B114>0,B114,"") -> 0.05 | J114: =IF(I114="","",I114*Source!$B$77) -> 0.5 | L114: =IF(I114="","",0) -> 0
A116: Activity | B116: education building
...

Sheet Archetypes_wo_chantier
A1: Activity | B1: individual housing | C1: All columns past the first two for database and activity definitions are ignored in any case.
A2: categories | B2: custom_process
A3: code | B3: arch_individual_housing | C3: You can also use human-friendly identifiers like "acetic acid", just make sure they are unique
A4: comment | B4: archétype basé sur Tirado 2021 pour matières et BDNB pour consos
A5: location | B5: FR
A6: production amount | B6: 1
A7: type | B7: process
A8: unit | B8: square meter
A9: Exchanges
A10: name | B10: amount | C10: unit | D10: database | E10: categories | F10: location | G10: type | H10: uncertainty type | I10: loc | J10: scale | K10: shape | L10: minimum | M10: maximum
A11: individual housing | B11: 1 | C11: square meter | D11: =Projects!$B$2 -> archetypes_metabo | E11: custom_process | F11: FR | G11: production
A12: concrete and stone | B12: =Source!C10 -> 601.52407 | C12: kilogram | D12: =Projects!$B$2 -> archetypes_metabo | E12: custom_process | F12: FR | G12: technosphere | H12: =IF(B12=0,0,3) -> 3 | I12: =IF(B12>0,B12,"") -> 601.52407 | J12: =IF(I12="","",I12*Source!$B$77) -> 6015.2407
A13: bricks | B13: =Source!C11 -> 39.866793 | C13: kilogram | D13: =Projects!$B$2 -> archetypes_metabo | E13: custom_process | F13: FR | G13: technosphere | H13: =IF(B13=0,0,3) -> 3 | I13: =IF(B13>0,B13,"") -> 39.866793 | J13: =IF(I13="","",I13*Source!$B$77) -> 398.66793
A14: roof tiles | B14: =Source!C12 -> 25.464796 | C14: kilogram | D14: =Projects!$B$2 -> archetypes_metabo | E14: custom_process | F14: FR | G14: technosphere | H14: =IF(B14=0,0,3) -> 3 | I14: =IF(B14>0,B14,"") -> 25.464796 | J14: =IF(I14="","",I14*Source!$B$77) -> 254.64796
A15: ceramics | B15: =Source!C13 -> 22.60265 | C15: kilogram | D15: =Projects!$B$2 -> archetypes_metabo | E15: custom_process | F15: FR | G15: technosphere | H15: =IF(B15=0,0,3) -> 3 | I15: =IF(B15>0,B15,"") -> 22.60265 | J15: =IF(I15="","",I15*Source!$B$77) -> 226.0265
A16: gypsum | B16: =Source!C14 -> 28.989108 | C16: kilogram | D16: =Projects!$B$2 -> archetypes_metabo | E16: custom_process | F16: FR | G16: technosphere | H16: =IF(B16=0,0,3) -> 3 | I16: =IF(B16>0,B16,"") -> 28.989108 | J16: =IF(I16="","",I16*Source!$B$77) -> 289.89108
A17: mineral insulation | B17: =Source!C15 -> 0.38581376 | C17: kilogram | D17: =Projects!$B$2 -> archetypes_metabo | E17: custom_process | F17: FR | G17: technosphere | H17: =IF(B17=0,0,3) -> 3 | I17: =IF(B17>0,B17,"") -> 0.38581376 | J17: =IF(I17="","",I17*Source!$B$77) -> 3.8581376
A18: other insulation | B18: =Source!C16 -> 4.9446048 | C18: kilogram | D18: =Projects!$B$2 -> archetypes_metabo | E18: custom_process | F18: FR | G18: technosphere | H18: =IF(B18=0,0,3) -> 3 | I18: =IF(B18>0,B18,"") -> 4.9446048 | J18: =IF(I18="","",I18*Source!$B$77) -> 49.446048
A19: metals ferrous | B19: =Source!C17 -> 0.99184099 | C19: kilogram | D19: =Projects!$B$2 -> archetypes_metabo | E19: custom_process | F19: FR | G19: technosphere | H19: =IF(B19=0,0,3) -> 3 | I19: =IF(B19>0,B19,"") -> 0.99184099 | J19: =IF(I19="","",I19*Source!$B$77) -> 9.9184099
A20: metals non-ferrous | B20: =Source!C18 -> 0 | C20: kilogram | D20: =Projects!$B$2 -> archetypes_metabo | E20: custom_process | F20: FR | G20: technosphere | H20: =IF(B20=0,0,3) -> 0 | I20: =IF(B20>0,B20,"") | J20: =IF(I20="","",I20*Source!$B$77)
A21: windows | B21: =Source!C19 -> 6.9555552 | C21: kilogram | D21: =Projects!$B$2 -> archetypes_metabo | E21: custom_process | F21: FR | G21: technosphere | H21: =IF(B21=0,0,3) -> 3 | I21: =IF(B21>0,B21,"") -> 6.9555552 | J21: =IF(I21="","",I21*Source!$B$77) -> 69.555552
A22: wood low adjuvanted | B22: =Source!C20 -> 20.870898 | C22: kilogram | D22: =Projects!$B$2 -> archetypes_metabo | E22: custom_process | F22: FR | G22: technosphere | H22: =IF(B22=0,0,3) -> 3 | I22: =IF(B22>0,B22,"") -> 20.870898 | J22: =IF(I22="","",I22*Source!$B$77) -> 208.70898
A23: other NHW | B23: =Source!C21 -> 0.39363006 | C23: kilogram | D23: =Projects!$B$2 -> archetypes_metabo | E23: custom_process | F23: FR | G23: technosphere | H23: =IF(B23=0,0,3) -> 3 | I23: =IF(B23>0,B23,"") -> 0.39363006 | J23: =IF(I23="","",I23*Source!$B$77) -> 3.9363006
... A25: electricity consumption | B25: =Source!C23 -> 4700 | C25: kwh | D25: =Projects!$B$2 -> archetypes_metabo | E25: custom_process | F25: FR | G25: technosphere | H25: =IF(B25=0,0,3) -> 3 | I25: =IF(B25>0,B25,"") -> 4700 | J25: =IF(I25="","",I25*Source!$B$77) -> 47000
A26: water consumption | B26: =Source!C26 -> 88.709677 | C26: cubic meter | D26: =Projects!$B$2 -> archetypes_metabo | E26: custom_process | F26: FR | G26: technosphere | H26: =IF(B26=0,0,3) -> 3 | I26: =IF(B26>0,B26,"") -> 88.709677 | J26: =IF(I26="","",I26*Source!$B$77) -> 887.09677
A28: Activity | B28: collective housing
A29: categories | B29: custom_process
A30: code | B30: arch_collective_housing
A31: comment | B31: archétype basé sur Tirado 2021 pour matières et BDNB pour consos
A32: location | B32: FR
A33: production amount | B33: 1
A34: type | B34: process
A35: unit | B35: square meter
A36: Exchanges
A37: name | B37: amount | C37: unit | D37: database | E37: categories | F37: location | G37: type | H37: uncertainty type | I37: loc | J37: scale | K37: shape | L37: minimum | M37: maximum
A38: collective housing | B38: 1 | C38: square meter | D38: =Projects!$B$2 -> archetypes_metabo | E38: custom_process | F38: FR | G38: production
A39: concrete and stone | B39: =Source!D10 -> 690.29249 | C39: kilogram | D39: =Projects!$B$2 -> archetypes_metabo | E39: custom_process | F39: FR | G39: technosphere | H39: =IF(B39=0,0,3) -> 3 | I39: =IF(B39>0,B39,"") -> 690.29249 | J39: =IF(I39="","",I39*Source!$B$77) -> 6902.9249
A40: bricks | B40: =Source!D11 -> 9.6896542 | C40: kilogram | D40: =Projects!$B$2 -> archetypes_metabo | E40: custom_process | F40: FR | G40: technosphere | H40: =IF(B40=0,0,3) -> 3 | I40: =IF(B40>0,B40,"") -> 9.6896542 | J40: =IF(I40="","",I40*Source!$B$77) -> 96.896542
A41: roof tiles | B41: =Source!D12 -> 0 | C41: kilogram | D41: =Projects!$B$2 -> archetypes_metabo | E41: custom_process | F41: FR | G41: technosphere | H41: =IF(B41=0,0,3) -> 0 | I41: =IF(B41>0,B41,"") | J41: =IF(I41="","",I41*Source!$B$77)
A42: ceramics | B42: =Source!D13 -> 27.7518 | C42: kilogram | D42: =Projects!$B$2 -> archetypes_metabo | E42: custom_process | F42: FR | G42: technosphere | H42: =IF(B42=0,0,3) -> 3 | I42: =IF(B42>0,B42,"") -> 27.7518 | J42: =IF(I42="","",I42*Source!$B$77) -> 277.518
A43: gypsum | B43: =Source!D14 -> 24.281758 | C43: kilogram | D43: =Projects!$B$2 -> archetypes_metabo | E43: custom_process | F43: FR | G43: technosphere | H43: =IF(B43=0,0,3) -> 3 | I43: =IF(B43>0,B43,"") -> 24.281758 | J43: =IF(I43="","",I43*Source!$B$77) -> 242.81758
A44: mineral insulation | B44: =Source!D15 -> 0.091765435 | C44: kilogram | D44: =Projects!$B$2 -> archetypes_metabo | E44: custom_process | F44: FR | G44: technosphere | H44: =IF(B44=0,0,3) -> 3 | I44: =IF(B44>0,B44,"") -> 0.091765435 | J44: =IF(I44="","",I44*Source!$B$77) -> 0.91765435
A45: other insulation | B45: =Source!D16 -> 0.62857817 | C45: kilogram | D45: =Projects!$B$2 -> archetypes_metabo | E45: custom_process | F45: FR | G45: technosphere | H45: =IF(B45=0,0,3) -> 3 | I45: =IF(B45>0,B45,"") -> 0.62857817 | J45: =IF(I45="","",I45*Source!$B$77) -> 6.2857817
A46: metals ferrous | B46: =Source!D17 -> 0.60374442 | C46: kilogram | D46: =Projects!$B$2 -> archetypes_metabo | E46: custom_process | F46: FR | G46: technosphere | H46: =IF(B46=0,0,3) -> 3 | I46: =IF(B46>0,B46,"") -> 0.60374442 | J46: =IF(I46="","",I46*Source!$B$77) -> 6.0374442
A47: metals non-ferrous | B47: =Source!D18 -> 0 | C47: kilogram | D47: =Projects!$B$2 -> archetypes_metabo | E47: custom_process | F47: FR | G47: technosphere | H47: =IF(B47=0,0,3) -> 0 | I47: =IF(B47>0,B47,"") | J47: =IF(I47="","",I47*Source!$B$77)
A48: windows | B48: =Source!D19 -> 4.6959227 | C48: kilogram | D48: =Projects!$B$2 -> archetypes_metabo | E48: custom_process | F48: FR | G48: technosphere | H48: =IF(B48=0,0,3) -> 3 | I48: =IF(B48>0,B48,"") -> 4.6959227 | J48: =IF(I48="","",I48*Source!$B$77) -> 46.959227
A49: wood low adjuvanted | B49: =Source!D20 -> 7.2473262 | C49: kilogram | D49: =Projects!$B$2 -> archetypes_metabo | E49: custom_process | F49: FR | G49: technosphere | H49: =IF(B49=0,0,3) -> 3 | I49: =IF(B49>0,B49,"") -> 7.2473262 | J49: =IF(I49="","",I49*Source!$B$77) -> 72.473262
A50: other NHW | B50: =Source!D21 -> 0.28662867 | C50: kilogram | D50: =Projects!$B$2 -> archetypes_metabo | E50: custom_process | F50: FR | G50: technosphere | H50: =IF(B50=0,0,3) -> 3 | I50: =IF(B50>0,B50,"") -> 0.28662867 | J50: =IF(I50="","",I50*Source!$B$77) -> 2.8662867
... A52: electricity consumption | B52: =Source!D23 -> 6800 | C52: kwh | D52: =Projects!$B$2 -> archetypes_metabo | E52: custom_process | F52: FR | G52: technosphere | H52: =IF(B52=0,0,3) -> 3 | I52: =IF(B52>0,B52,"") -> 6800 | J52: =IF(I52="","",I52*Source!$B$77) -> 68000
A53: water consumption | B53: =Source!D26 -> 88.709677 | C53: cubic meter | D53: =Projects!$B$2 -> archetypes_metabo | E53: custom_process | F53: FR | G53: technosphere | H53: =IF(B53=0,0,3) -> 3 | I53: =IF(B53>0,B53,"") -> 88.709677 | J53: =IF(I53="","",I53*Source!$B$77) -> 887.09677
A55: Activity | B55: office building
A56: categories | B56: custom_process
A57: code | B57: arch_office
A58: comment | B58: archétype basé sur Tirado 2021 pour matières et BDNB pour consos
A59: location | B59: FR
A60: production amount | B60: 1
A61: type | B61: process
A62: unit | B62: square meter
A63: Exchanges
A64: name | B64: amount | C64: unit | D64: database | E64: categories | F64: location | G64: type | H64: uncertainty type | I64: loc | J64: scale | K64: shape | L64: minimum | M64: maximum
A65: office building | B65: 1 | C65: square meter | D65: =Projects!$B$2 -> archetypes_metabo | E65: custom_process | F65: FR | G65: production
A66: concrete and stone | B66: =Source!E10 -> 268.55117 | C66: kilogram | D66: =Projects!$B$2 -> archetypes_metabo | E66: custom_process | F66: FR | G66: technosphere | H66: =IF(B66=0,0,3) -> 3 | I66: =IF(B66>0,B66,"") -> 268.55117 | J66: =IF(I66="","",I66*Source!$B$77) -> 2685.5117
A67: bricks | B67: =Source!E11 -> 2.1719789 | C67: kilogram | D67: =Projects!$B$2 -> archetypes_metabo | E67: custom_process | F67: FR | G67: technosphere | H67: =IF(B67=0,0,3) -> 3 | I67: =IF(B67>0,B67,"") -> 2.1719789 | J67: =IF(I67="","",I67*Source!$B$77) -> 21.719789
A68: roof tiles | B68: =Source!E12 -> 8.9268015 | C68: kilogram | D68: =Projects!$B$2 -> archetypes_metabo | E68: custom_process | F68: FR | G68: technosphere | H68: =IF(B68=0,0,3) -> 3 | I68: =IF(B68>0,B68,"") -> 8.9268015 | J68: =IF(I68="","",I68*Source!$B$77) -> 89.268015
A69: ceramics | B69: =Source!E13 -> 4.5610143 | C69: kilogram | D69: =Projects!$B$2 -> archetypes_metabo | E69: custom_process | F69: FR | G69: technosphere | H69: =IF(B69=0,0,3) -> 3 | I69: =IF(B69>0,B69,"") -> 4.5610143 | J69: =IF(I69="","",I69*Source!$B$77) -> 45.610143
A70: gypsum | B70: =Source!E14 -> 10.983452 | C70: kilogram | D70: =Projects!$B$2 -> archetypes_metabo | E70: custom_process | F70: FR | G70: technosphere | H70: =IF(B70=0,0,3) -> 3 | I70: =IF(B70>0,B70,"") -> 10.983452 | J70: =IF(I70="","",I70*Source!$B$77) -> 109.83452
A71: mineral insulation | B71: =Source!E15 -> 0.27850918 | C71: kilogram | D71: =Projects!$B$2 -> archetypes_metabo | E71: custom_process | F71: FR | G71: technosphere | H71: =IF(B71=0,0,3) -> 3 | I71: =IF(B71>0,B71,"") -> 0.27850918 | J71: =IF(I71="","",I71*Source!$B$77) -> 2.7850918
A72: other insulation | B72: =Source!E16 -> 0 | C72: kilogram | D72: =Projects!$B$2 -> archetypes_metabo | E72: custom_process | F72: FR | G72: technosphere | H72: =IF(B72=0,0,3) -> 0 | I72: =IF(B72>0,B72,"") | J72: =IF(I72="","",I72*Source!$B$77)
A73: metals ferrous | B73: =Source!E17 -> 0.30269179 | C73: kilogram | D73: =Projects!$B$2 -> archetypes_metabo | E73: custom_process | F73: FR | G73: technosphere | H73: =IF(B73=0,0,3) -> 3 | I73: =IF(B73>0,B73,"") -> 0.30269179 | J73: =IF(I73="","",I73*Source!$B$77) -> 3.0269179
A74: metals non-ferrous | B74: =Source!E18 -> 0.17500139 | C74: kilogram | D74: =Projects!$B$2 -> archetypes_metabo | E74: custom_process | F74: FR | G74: technosphere | H74: =IF(B74=0,0,3) -> 3 | I74: =IF(B74>0,B74,"") -> 0.17500139 | J74: =IF(I74="","",I74*Source!$B$77) -> 1.7500139
A75: windows | B75: =Source!E19 -> 2.7904912 | C75: kilogram | D75: =Projects!$B$2 -> archetypes_metabo | E75: custom_process | F75: FR | G75: technosphere | H75: =IF(B75=0,0,3) -> 3 | I75: =IF(B75>0,B75,"") -> 2.7904912 | J75: =IF(I75="","",I75*Source!$B$77) -> 27.904912
A76: wood low adjuvanted | B76: =Source!E20 -> 7.6764169 | C76: kilogram | D76: =Projects!$B$2 -> archetypes_metabo | E76: custom_process | F76: FR | G76: technosphere | H76: =IF(B76=0,0,3) -> 3 | I76: =IF(B76>0,B76,"") -> 7.6764169 | J76: =IF(I76="","",I76*Source!$B$77) -> 76.764169
A77: other NHW | B77: =Source!E21 -> 0.27761658 | C77: kilogram | D77: =Projects!$B$2 -> archetypes_metabo | E77: custom_process | F77: FR | G77: technosphere | H77: =IF(B77=0,0,3) -> 3 | I77: =IF(B77>0,B77,"") -> 0.27761658 | J77: =IF(I77="","",I77*Source!$B$77) -> 2.7761658
... A79: electricity consumption | B79: =Source!E23 -> 5350 | C79: kwh | D79: =Projects!$B$2 -> archetypes_metabo | E79: custom_process | F79: FR | G79: technosphere | H79: =IF(B79=0,0,3) -> 3 | I79: =IF(B79>0,B79,"") -> 5350 | J79: =IF(I79="","",I79*Source!$B$77) -> 53500
A80: water consumption | B80: =Source!E26 -> 17 | C80: cubic meter | D80: =Projects!$B$2 -> archetypes_metabo | E80: custom_process | F80: FR | G80: technosphere | H80: =IF(B80=0,0,3) -> 3 | I80: =IF(B80>0,B80,"") -> 17 | J80: =IF(I80="","",I80*Source!$B$77) -> 170
A82: Activity | B82: industrial building
A83: categories | B83: custom_process
A84: code | B84: arch_industrial
A85: comment | B85: archétype basé sur Tirado 2021 pour matières et BDNB pour consos
A86: location | B86: FR
A87: production amount | B87: 1
A88: type | B88: process
A89: unit | B89: square meter
A90: Exchanges
A91: name | B91: amount | C91: unit | D91: database | E91: categories | F91: location | G91: type | H91: uncertainty type | I91: loc | J91: scale | K91: shape | L91: minimum | M91: maximum
A92: industrial building | B92: 1 | C92: square meter | D92: =Projects!$B$2 -> archetypes_metabo | E92: custom_process | F92: FR | G92: production
A93: concrete and stone | B93: =Source!F10 -> 324.6078 | C93: kilogram | D93: =Projects!$B$2 -> archetypes_metabo | E93: custom_process | F93: FR | G93: technosphere | H93: =IF(B93=0,0,3) -> 3 | I93: =IF(B93>0,B93,"") -> 324.6078 | J93: =IF(I93="","",I93*Source!$B$77) -> 3246.078
A94: bricks | B94: =Source!F11 -> 12.039116 | C94: kilogram | D94: =Projects!$B$2 -> archetypes_metabo | E94: custom_process | F94: FR | G94: technosphere | H94: =IF(B94=0,0,3) -> 3 | I94: =IF(B94>0,B94,"") -> 12.039116 | J94: =IF(I94="","",I94*Source!$B$77) -> 120.39116
A95: roof tiles | B95: =Source!F12 -> 5.8864609 | C95: kilogram | D95: =Projects!$B$2 -> archetypes_metabo | E95: custom_process | F95: FR | G95: technosphere | H95: =IF(B95=0,0,3) -> 3 | I95: =IF(B95>0,B95,"") -> 5.8864609 | J95: =IF(I95="","",I95*Source!$B$77) -> 58.864609
A96: ceramics | B96: =Source!F13 -> 7.2709807 | C96: kilogram | D96: =Projects!$B$2 -> archetypes_metabo | E96: custom_process | F96: FR | G96: technosphere | H96: =IF(B96=0,0,3) -> 3 | I96: =IF(B96>0,B96,"") -> 7.2709807 | J96: =IF(I96="","",I96*Source!$B$77) -> 72.709807
A97: gypsum | B97: =Source!F14 -> 11.254282 | C97: kilogram | D97: =Projects!$B$2 -> archetypes_metabo | E97: custom_process | F97: FR | G97: technosphere | H97: =IF(B97=0,0,3) -> 3 | I97: =IF(B97>0,B97,"") -> 11.254282 | J97: =IF(I97="","",I97*Source!$B$77) -> 112.54282
A98: mineral insulation | B98: =Source!F15 -> 0.28379666 | C98: kilogram | D98: =Projects!$B$2 -> archetypes_metabo | E98: custom_process | F98: FR | G98: technosphere | H98: =IF(B98=0,0,3) -> 3 | I98: =IF(B98>0,B98,"") -> 0.28379666 | J98: =IF(I98="","",I98*Source!$B$77) -> 2.8379666
A99: other insulation | B99: =Source!F16 -> 0 | C99: kilogram | D99: =Projects!$B$2 -> archetypes_metabo | E99: custom_process | F99: FR | G99: technosphere | H99: =IF(B99=0,0,3) -> 0 | I99: =IF(B99>0,B99,"") | J99: =IF(I99="","",I99*Source!$B$77)
A100: metals ferrous | B100: =Source!F17 -> 0.21299388 | C100: kilogram | D100: =Projects!$B$2 -> archetypes_metabo | E100: custom_process | F100: FR | G100: technosphere | H100: =IF(B100=0,0,3) -> 3 | I100: =IF(B100>0,B100,"") -> 0.21299388 | J100: =IF(I100="","",I100*Source!$B$77) -> 2.1299388
A101: metals non-ferrous | B101: =Source!F18 -> 0.67401834 | C101: kilogram | D101: =Projects!$B$2 -> archetypes_metabo | E101: custom_process | F101: FR | G101: technosphere | H101: =IF(B101=0,0,3) -> 3 | I101: =IF(B101>0,B101,"") -> 0.67401834 | J101: =IF(I101="","",I101*Source!$B$77) -> 6.7401834
A102: windows | B102: =Source!F19 -> 2.7556979 | C102: kilogram | D102: =Projects!$B$2 -> archetypes_metabo | E102: custom_process | F102: FR | G102: technosphere | H102: =IF(B102=0,0,3) -> 3 | I102: =IF(B102>0,B102,"") -> 2.7556979 | J102: =IF(I102="","",I102*Source!$B$77) -> 27.556979
A103: wood low adjuvanted | B103: =Source!F20 -> 5.9734924 | C103: kilogram | D103: =Projects!$B$2 -> archetypes_metabo | E103: custom_process | F103: FR | G103: technosphere | H103: =IF(B103=0,0,3) -> 3 | I103: =IF(B103>0,B103,"") -> 5.9734924 | J103: =IF(I103="","",I103*Source!$B$77) -> 59.734924
A104: other NHW | B104: =Source!F21 -> 0.27915854 | C104: kilogram | D104: =Projects!$B$2 -> archetypes_metabo | E104: custom_process | F104: FR | G104: technosphere | H104: =IF(B104=0,0,3) -> 3 | I104: =IF(B104>0,B104,"") -> 0.27915854 | J104: =IF(I104="","",I104*Source!$B$77) -> 2.7915854
... A109: water consumption | B109: =Source!F26 -> 0.016627358 | C109: cubic meter | D109: =Projects!$B$2 -> archetypes_metabo | E109: custom_process | F109: FR | G109: technosphere | H109: =IF(B109=0,0,3) -> 3 | I109: =IF(B109>0,B109,"") -> 0.016627358 | J109: =IF(I109="","",I109*Source!$B$77) -> 0.16627358
A111: Activity | B111: education building
...

Sheet Material_categories
A1: Activity | B1: concrete and stone
A2: categories | B2: custom_process
A3: code | B3: concrete_and_stone
A4: comment | B4: archétype classification Tirado 2021
A5: location | B5: FR
A6: production amount | B6: 1
A7: type | B7: process
A8: unit | B8: kilogram
A9: dve | B9: 100
A10: Exchanges
A11: name | B11: amount | C11: unit | D11: database | E11: categories | F11: location | G11: type | H11: uncertainty type | I11: loc | J11: scale | K11: shape | L11: minimum | M11: maximum
A12: concrete and stone | B12: 1 | C12: kilogram | D12: =Projects!$B$2 -> archetypes_metabo | F12: FR | G12: production
A13: market for concrete, 35MPa | B13: =1/Source!B32 -> 0.0004 | C13: cubic meter | D13: ecoinvent-3.11-cutoff | F13: RoW | G13: technosphere
A14: market for waste concrete | B14: =-B12 -> -1 | C14: kilogram | D14: ecoinvent-3.11-cutoff | F14: Europe without Switzerland | G14: technosphere
A16: Activity | B16: bricks
A17: categories | B17: custom_process
A18: code | B18: bricks_code
A19: comment | B19: archétype classification Tirado 2021
A20: location | B20: FR
A21: production amount | B21: 1
A22: type | B22: process
A23: unit | B23: kilogram
A24: dve | B24: 100
A25: Exchanges
A26: name | B26: amount | C26: unit | D26: database | E26: categories | F26: location | G26: type | H26: uncertainty type | I26: loc | J26: scale | K26: shape | L26: minimum | M26: maximum
A27: bricks | B27: 1 | C27: kilogram | D27: =Projects!$B$2 -> archetypes_metabo | F27: FR | G27: production
A28: market for sand-lime brick | B28: =B21 -> 1 | C28: kilogram | D28: ecoinvent-3.11-cutoff | F28: GLO | G28: technosphere
A29: market for waste brick | B29: =-B28 -> -1 | C29: kilogram | D29: ecoinvent-3.11-cutoff | F29: Europe without Switzerland | G29: technosphere
A31: Activity | B31: roof tiles
A32: categories | B32: custom_process
A33: code | B33: roof_tiles
A34: comment | B34: archétype classification Tirado 2021
A35: location | B35: FR
A36: production amount | B36: 1
A37: type | B37: process
A38: unit | B38: kilogram
A39: dve | B39: 100
A40: Exchanges
A41: name | B41: amount | C41: unit | D41: database | E41: categories | F41: location | G41: type | H41: uncertainty type | I41: loc | J41: scale | K41: shape | L41: minimum | M41: maximum
A42: roof tiles | B42: 1 | C42: kilogram | D42: =Projects!$B$2 -> archetypes_metabo | F42: FR | G42: production
A43: market for ceramic tile | B43: =B36 -> 1 | C43: kilogram | D43: ecoinvent-3.11-cutoff | F43: GLO | G43: technosphere
A44: market for waste brick | B44: =-B43 -> -1 | C44: kilogram | D44: ecoinvent-3.11-cutoff | F44: Europe without Switzerland | G44: technosphere
A46: Activity | B46: ceramics
A47: categories | B47: custom_process
A48: code | B48: ceramics_code
A49: comment | B49: archétype classification Tirado 2021
A50: location | B50: FR
A51: production amount | B51: 1
A52: type | B52: process
A53: unit | B53: kilogram
A54: dve | B54: 50
A55: Exchanges
A56: name | B56: amount | C56: unit | D56: database | E56: categories | F56: location | G56: type | H56: uncertainty type | I56: loc | J56: scale | K56: shape | L56: minimum | M56: maximum
A57: ceramics | B57: 1 | C57: kilogram | D57: =Projects!$B$2 -> archetypes_metabo | F57: FR | G57: production
A58: market for ceramic tile | B58: =B51 -> 1 | C58: kilogram | D58: ecoinvent-3.11-cutoff | F58: GLO | G58: technosphere
A59: market for waste brick | B59: =-B58 -> -1 | C59: kilogram | D59: ecoinvent-3.11-cutoff | F59: Europe without Switzerland | G59: technosphere
A61: Activity | B61: gypsum
A62: categories | B62: custom_process
A63: code | B63: gypsum_code
A64: comment | B64: archétype classification Tirado 2021
A65: location | B65: FR
A66: production amount | B66: 1
A67: type | B67: process
A68: unit | B68: kilogram
A69: dve | B69: 50
A70: Exchanges
A71: name | B71: amount | C71: unit | D71: database | E71: categories | F71: location | G71: type | H71: uncertainty type | I71: loc | J71: scale | K71: shape | L71: minimum | M71: maximum
A72: gypsum | B72: 1 | C72: kilogram | D72: =Projects!$B$2 -> archetypes_metabo | F72: FR | G72: production
A73: market for gypsum, mineral | B73: =B66 -> 1 | C73: kilogram | D73: ecoinvent-3.11-cutoff | F73: RER | G73: technosphere
A74: market for waste gypsum | B74: =-B73 -> -1 | C74: kilogram | D74: ecoinvent-3.11-cutoff | F74: Europe without Switzerland | G74: technosphere
A76: Activity | B76: mineral insulation
A77: categories | B77: custom_process
A78: code | B78: mineral_insulation
A79: comment | B79: archétype classification Tirado 2021
A80: location | B80: FR
A81: production amount | B81: 1
A82: type | B82: process
A83: unit | B83: kilogram
A84: dve | B84: 50
A85: Exchanges
A86: name | B86: amount | C86: unit | D86: database | E86: categories | F86: location | G86: type | H86: uncertainty type | I86: loc | J86: scale | K86: shape | L86: minimum | M86: maximum
A87: mineral insulation | B87: 1 | C87: kilogram | D87: =Projects!$B$2 -> archetypes_metabo | F87: FR | G87: production
A88: market for stone wool | B88: =B81 -> 1 | C88: kilogram | D88: ecoinvent-3.11-cutoff | F88: GLO | G88: technosphere
A89: market for waste mineral wool | B89: =-B88 -> -1 | C89: kilogram | D89: ecoinvent-3.11-cutoff | F89: Europe without Switzerland | G89: technosphere
A91: Activity | B91: other insulation
A92: categories | B92: custom_process
A93: code | B93: other_insulation
A94: comment | B94: archétype classification Tirado 2021
A95: location | B95: FR
A96: production amount | B96: 1
A97: type | B97: process
A98: unit | B98: kilogram
A99: dve | B99: 50
A100: Exchanges
A101: name | B101: amount | C101: unit | D101: database | E101: categories | F101: location | G101: type | H101: uncertainty type | I101: loc | J101: scale | K101: shape | L101: minimum | M101: maximum
A102: other insulation | B102: 1 | C102: kilogram | D102: =Projects!$B$2 -> archetypes_metabo | F102: FR | G102: production
A103: market for polystyrene foam slab | B103: =B96 -> 1 | C103: kilogram | D103: ecoinvent-3.11-cutoff | F103: GLO | G103: technosphere
A104: market for waste polystyrene | B104: =-B102 -> -1 | C104: kilogram | D104: ecoinvent-3.11-cutoff | F104: FR | G104: technosphere
A106: Activity | B106: metals ferrous
A107: categories | B107: custom_process
...

Sheet Consumptions
A1: Activity | B1: gaz consumption
A2: categories | B2: custom_process
A3: code | B3: gaz_consumption
A4: comment | B4: consos gaz ville FR
A5: location | B5: FR
A6: production amount | B6: 1
A7: type | B7: process
A8: unit | B8: kwh
A9: Exchanges
A10: name | B10: amount | C10: unit | D10: database | E10: categories | F10: location | G10: type | H10: uncertainty type | I10: loc | J10: scale | K10: shape | L10: minimum | M10: maximum
A11: gaz consumption | B11: 1 | C11: kwh | D11: =Projects!$B$2 -> archetypes_metabo | F11: FR | G11: production
A12: market for natural gas, low pressure | B12: =B6/Source!B41 -> 0.1 | C12: cubic meter | D12: ecoinvent-3.11-cutoff | F12: FR | G12: technosphere
A14: Activity | B14: electricity consumption
A15: categories | B15: custom_process
A16: code | B16: electricity_consumption
A17: comment | B17: consos élec FR
A18: location | B18: FR
A19: production amount | B19: 1
A20: type | B20: process
A21: unit | B21: kwh
A22: Exchanges
A23: name | B23: amount | C23: unit | D23: database | E23: categories | F23: location | G23: type | H23: uncertainty type | I23: loc | J23: scale | K23: shape | L23: minimum | M23: maximum
A24: electricity consumption | B24: 1 | C24: kwh | D24: =Projects!$B$2 -> archetypes_metabo | F24: FR | G24: production
A25: market for electricity, low voltage | B25: 1 | C25: kwh | D25: ecoinvent-3.11-cutoff | F25: FR | G25: technosphere
A27: Activity | B27: water consumption
A28: categories | B28: custom_process
A29: code | B29: water_consumption
A30: comment | B30: consos eau FR
A31: location | B31: FR
A32: production amount | B32: 1
A33: type | B33: process
A34: unit | B34: cubic meter
A35: Exchanges
A36: name | B36: amount | C36: unit | D36: database | E36: categories | F36: location | G36: type | H36: uncertainty type | I36: loc | J36: scale | K36: shape | L36: minimum | M36: maximum
A37: water consumption | B37: 1 | C37: cubic meter | D37: =Projects!$B$2 -> archetypes_metabo | F37: FR | G37: production
A38: market for tap water | B38: =B32*Source!B42 -> 1000 | C38: kilogram | D38: ecoinvent-3.11-cutoff | F38: Europe without Switzerland | G38: technosphere
A41: Activity | B41: oil consumption
A42: categories | B42: custom_process
A43: code | B43: oil_consumption
A44: comment | B44: consos pétrole FR
A45: location | B45: FR
A46: production amount | B46: 1
A47: type | B47: process
A48: unit | B48: kwh
A49: Exchanges
A50: name | B50: amount | C50: unit | D50: database | E50: categories | F50: location | G50: type | H50: uncertainty type | I50: loc | J50: scale | K50: shape | L50: minimum | M50: maximum
A51: oil consumption | B51: 1 | C51: kwh | D51: =Projects!$B$2 -> archetypes_metabo | F51: FR | G51: production
A52: market for heavy fuel oil | B52: =B46*Source!B40/Source!B61 -> 0.087378641 | C52: kilogram | D52: ecoinvent-3.11-cutoff | F52: Europe without Switzerland | G52: technosphere
A54: Activity | B54: coal consumption
A55: categories | B55: custom_process
A56: code | B56: coal_consumption
A57: comment | B57: consos charbon FR
A58: location | B58: FR
A59: production amount | B59: 1
A60: type | B60: process
A61: unit | B61: kwh
A62: Exchanges
A63: name | B63: amount | C63: unit | D63: database | E63: categories | F63: location | G63: type | H63: uncertainty type | I63: loc | J63: scale | K63: shape | L63: minimum | M63: maximum
A64: oil consumption | B64: 1 | C64: kwh | D64: =Projects!$B$2 -> archetypes_metabo | F64: FR | G64: production
A65: market for hard coal briquettes | B65: =B64*Source!B40 -> 3.6 | C65: megajoule | D65: ecoinvent-3.11-cutoff | F65: RER | G65: technosphere

Sheet Construction
A1: Activity | B1: construction
A2: categories | B2: custom_process
A3: code | B3: construction_code
A4: comment | B4: procédé correspondant au temps de chantier
A5: location | B5: FR
A6: production amount | B6: 1
A7: type | B7: process
A8: unit | B8: month
A9: Exchanges
A10: name | B10: amount | C10: unit | D10: database | E10: categories | F10: location | G10: type | H10: uncertainty type | I10: loc | J10: scale | K10: shape | L10: minimum | M10: maximum
A11: construction | B11: 1 | C11: month | D11: =Projects!$B$2 -> archetypes_metabo | F11: FR | G11: production
A12: diesel, burned in building machine | B12: =Source!B43 -> 0.2 | C12: megajoule | D12: ecoinvent-3.11-cutoff | F12: GLO | G12: technosphere
A13: market for electricity, medium voltage | B13: =Source!B44 -> 12566.667 | C13: kwh | D13: ecoinvent-3.11-cutoff | F13: FR | G13: technosphere
A14: market group for transport, freight, lorry, diesel, unspecified | B14: =Source!B45*Source!B47/1000 -> 0.83333333 | C14: metric ton*km | D14: ecoinvent-3.11-cutoff | F14: GLO | G14: technosphere
A15: market for tap water | B15: 100 | C15: kilogram | D15: ecoinvent-3.11-cutoff | F15: Europe without Switzerland | G15: technosphere
